"create inventory","/create_inventory.html"
"make inventory","/create_inventory.html"
"create inventory for my organization","/create_inventory.html"
"change inventory","/update_inventory.html"
"make organization","/create_organization.html"
"create organization","/create_organization.html"
"edit inventory","/update_inventory.html"
"edit my inventory","/update_inventory.html"
"delete inventory","/delete_inventory.html"
"remove inventory","/delete_inventory.html"
"add item","/manage_inventory.html"
"insert item","/manage_inventory.html"
"append to inventory","/manage_inventory.html"
"view inventory details","/view_inventory.html"
"see inventory information","/view_inventory.html"
"inspect inventory","/view_inventory.html"
"assign roles","/manage_roles.html"
"set role permissions","/manage_roles.html"
"configure roles","/manage_roles.html"
"create database table","/create_table.html"
"define database schema","/create_table.html"
"design database structure","/create_table.html"
"backup data","/backup_data.html"
"create backup","/backup_data.html"
"backup database","/backup_data.html"
"import data records","/import_data.html"
"upload data","/import_data.html"
"import data from file","/import_data.html"
"export data to CSV","/export_data.html"
"download data","/export_data.html"
"export data as spreadsheet","/export_data.html"
"analyze data trends","/analyze_data.html"
"perform data analysis","/analyze_data.html"
"evaluate data patterns","/analyze_data.html"
"generate performance report","/generate_report.html"
"create performance summary","/generate_report.html"
"view performance metrics","/generate_report.html"
"optimize database performance","/optimize_performance.html"
"improve system efficiency","/optimize_performance.html"
"enhance performance","/optimize_performance.html"
"generate user report","/generate_user_report.html"
"create user profile","/create_user_profile.html"
"manage user accounts","/manage_user_accounts.html"
"modify user settings","/modify_user_settings.html"
"create project","/create_project.html"
"start new project","/create_project.html"
"manage project tasks","/manage_project_tasks.html"
"assign project roles","/assign_project_roles.html"
"schedule project activities","/schedule_project_activities.html"
"track project progress","/track_project_progress.html"
"approve expense claims","/approve_expense_claims.html"
"process reimbursement requests","/approve_expense_claims.html"
"handle financial transactions","/approve_expense_claims.html"
"write code","/develop_code.html"
"debug software","/debug_software.html"
"test application","/test_application.html"
"deploy software","/deploy_software.html"
"configure server settings","/configure_server_settings.html"
"monitor server performance","/monitor_server_performance.html"
"troubleshoot server issues","/troubleshoot_server_issues.html"
"create customer profile","/create_customer_profile.html"
"manage customer accounts","/manage_customer_accounts.html"
"process customer orders","/process_customer_orders.html"
"provide customer support","/provide_customer_support.html"
"conduct market analysis","/conduct_market_analysis.html"
"develop marketing strategy","/develop_marketing_strategy.html"
"execute advertising campaign","/execute_advertising_campaign.html"
"analyze sales data","/analyze_sales_data.html"
"optimize supply chain","/optimize_supply_chain.html"
"streamline logistics","/streamline_logistics.html"
"conduct employee training","/conduct_employee_training.html"
"manage human resources","/manage_human_resources.html"
"conduct performance reviews","/conduct_performance_reviews.html"
"create inventory","/create_inventory.html"
"make inventory","/create_inventory.html"
"create inventory for my organization","/create_inventory.html"
"change inventory","/update_inventory.html"
"make organization","/create_organization.html"
"create organization","/create_organization.html"
"edit inventory","/update_inventory.html"
"edit my inventory","/update_inventory.html"
"delete inventory","/delete_inventory.html"
"remove inventory","/delete_inventory.html"
"add item","/manage_inventory.html"
"insert item","/manage_inventory.html"
"append to inventory","/manage_inventory.html"
"view inventory details","/view_inventory.html"
"see inventory information","/view_inventory.html"
"inspect inventory","/view_inventory.html"
"assign roles","/manage_roles.html"
"set role permissions","/manage_roles.html"
"configure roles","/manage_roles.html"
"create database table","/create_table.html"
"define database schema","/create_table.html"
"design database structure","/create_table.html"
"backup data","/backup_data.html"
"create backup","/backup_data.html"
"backup database","/backup_data.html"
"import data records","/import_data.html"
"upload data","/import_data.html"
"import data from file","/import_data.html"
"export data to CSV","/export_data.html"
"download data","/export_data.html"
"export data as spreadsheet","/export_data.html"
"analyze data trends","/analyze_data.html"
"perform data analysis","/analyze_data.html"
"evaluate data patterns","/analyze_data.html"
"generate performance report","/generate_report.html"
"create performance summary","/generate_report.html"
"view performance metrics","/generate_report.html"
"optimize database performance","/optimize_performance.html"
"improve system efficiency","/optimize_performance.html"
"enhance performance","/optimize_performance.html"
"generate user report","/generate_user_report.html"
"create user profile","/create_user_profile.html"
"manage user accounts","/manage_user_accounts.html"
"modify user settings","/modify_user_settings.html"
"create project","/create_project.html"
"start new project","/create_project.html"
"manage project tasks","/manage_project_tasks.html"
"assign project roles","/assign_project_roles.html"
"schedule project activities","/schedule_project_activities.html"
"track project progress","/track_project_progress.html"
"approve expense claims","/approve_expense_claims.html"
"process reimbursement requests","/approve_expense_claims.html"
"handle financial transactions","/approve_expense_claims.html"
"write code","/develop_code.html"
"debug software","/debug_software.html"
"test application","/test_application.html"
"deploy software","/deploy_software.html"
"configure server settings","/configure_server_settings.html"
"monitor server performance","/monitor_server_performance.html"
"troubleshoot server issues","/troubleshoot_server_issues.html"
"create customer profile","/create_customer_profile.html"
"manage customer accounts","/manage_customer_accounts.html"
"process customer orders","/process_customer_orders.html"
"provide customer support","/provide_customer_support.html"
"conduct market analysis","/conduct_market_analysis.html"
"develop marketing strategy","/develop_marketing_strategy.html"
"execute advertising campaign","/execute_advertising_campaign.html"
"analyze sales data","/analyze_sales_data.html"
"optimize supply chain","/optimize_supply_chain.html"
"streamline logistics","/streamline_logistics.html"
"conduct employee training","/conduct_employee_training.html"
"manage human resources","/manage_human_resources.html"
"conduct performance reviews","/conduct_performance_reviews.html"
"create inventory","/create_inventory.html"
"make inventory","/create_inventory.html"
"create inventory for my organization","/create_inventory.html"
"change inventory","/update_inventory.html"
"make organization","/create_organization.html"
"create organization","/create_organization.html"
"edit inventory","/update_inventory.html"
"edit my inventory","/update_inventory.html"
"delete inventory","/delete_inventory.html"
"remove inventory","/delete_inventory.html"
"add item","/manage_inventory.html"
"insert item","/manage_inventory.html"
"append to inventory","/manage_inventory.html"
"view inventory details","/view_inventory.html"
"see inventory information","/view_inventory.html"
"inspect inventory","/view_inventory.html"
"assign roles","/manage_roles.html"
"set role permissions","/manage_roles.html"
"configure roles","/manage_roles.html"
"create database table","/create_table.html"
"define database schema","/create_table.html"
"design database structure","/create_table.html"
"backup data","/backup_data.html"
"create backup","/backup_data.html"
"backup database","/backup_data.html"
"import data records","/import_data.html"
"upload data","/import_data.html"
"import data from file","/import_data.html"
"export data to CSV","/export_data.html"
"download data","/export_data.html"
"export data as spreadsheet","/export_data.html"
"analyze data trends","/analyze_data.html"
"perform data analysis","/analyze_data.html"
"evaluate data patterns","/analyze_data.html"
"generate performance report","/generate_report.html"
"create performance summary","/generate_report.html"
"view performance metrics","/generate_report.html"
"optimize database performance","/optimize_performance.html"
"improve system efficiency","/optimize_performance.html"
"enhance performance","/optimize_performance.html"
"generate user report","/generate_user_report.html"
"create user profile","/create_user_profile.html"
"manage user accounts","/manage_user_accounts.html"
"modify user settings","/modify_user_settings.html"
"create project","/create_project.html"
"start new project","/create_project.html"
"manage project tasks","/manage_project_tasks.html"
"assign project roles","/assign_project_roles.html"
"schedule project activities","/schedule_project_activities.html"
"track project progress","/track_project_progress.html"
"approve expense claims","/approve_expense_claims.html"
"process reimbursement requests","/approve_expense_claims.html"
"handle financial transactions","/approve_expense_claims.html"
"write code","/develop_code.html"
"debug software","/debug_software.html"
"test application","/test_application.html"
"deploy software","/deploy_software.html"
"configure server settings","/configure_server_settings.html"
"monitor server performance","/monitor_server_performance.html"
"troubleshoot server issues","/troubleshoot_server_issues.html"
"create customer profile","/create_customer_profile.html"
"manage customer accounts","/manage_customer_accounts.html"
"process customer orders","/process_customer_orders.html"
"provide customer support","/provide_customer_support.html"
"conduct market analysis","/conduct_market_analysis.html"
"develop marketing strategy","/develop_marketing_strategy.html"
"execute advertising campaign","/execute_advertising_campaign.html"
"analyze sales data","/analyze_sales_data.html"
"optimize supply chain","/optimize_supply_chain.html"
"streamline logistics","/streamline_logistics.html"
"conduct employee training","/conduct_employee_training.html"
"manage human resources","/manage_human_resources.html"
"conduct performance reviews","/conduct_performance_reviews.html"
"create inventory","/create_inventory.html"
"make inventory","/create_inventory.html"
"create inventory for my organization","/create_inventory.html"
"change inventory","/update_inventory.html"
"make organization","/create_organization.html"
"create organization","/create_organization.html"
"edit inventory","/update_inventory.html"
"edit my inventory","/update_inventory.html"
"delete inventory","/delete_inventory.html"
"remove inventory","/delete_inventory.html"
"add item","/manage_inventory.html"
"insert item","/manage_inventory.html"
"append to inventory","/manage_inventory.html"
"view inventory details","/view_inventory.html"
"see inventory information","/view_inventory.html"
"inspect inventory","/view_inventory.html"
"assign roles","/manage_roles.html"
"set role permissions","/manage_roles.html"
"configure roles","/manage_roles.html"
"create database table","/create_table.html"
"define database schema","/create_table.html"
"design database structure","/create_table.html"
"backup data","/backup_data.html"
"create backup","/backup_data.html"
"backup database","/backup_data.html"
"import data records","/import_data.html"
"upload data","/import_data.html"
"import data from file","/import_data.html"
"export data to CSV","/export_data.html"
"download data","/export_data.html"
"export data as spreadsheet","/export_data.html"
"analyze data trends","/analyze_data.html"
"perform data analysis","/analyze_data.html"
"evaluate data patterns","/analyze_data.html"
"generate performance report","/generate_report.html"
"create performance summary","/generate_report.html"
"view performance metrics","/generate_report.html"
"optimize database performance","/optimize_performance.html"
"improve system efficiency","/optimize_performance.html"
"enhance performance","/optimize_performance.html"
"generate user report","/generate_user_report.html"
"create user profile","/create_user_profile.html"
"manage user accounts","/manage_user_accounts.html"
"modify user settings","/modify_user_settings.html"
"create project","/create_project.html"
"start new project","/create_project.html"
"manage project tasks","/manage_project_tasks.html"
"assign project roles","/assign_project_roles.html"
"schedule project activities","/schedule_project_activities.html"
"track project progress","/track_project_progress.html"
"approve expense claims","/approve_expense_claims.html"
"process reimbursement requests","/approve_expense_claims.html"
"handle financial transactions","/approve_expense_claims.html"
"write code","/develop_code.html"
"debug software","/debug_software.html"
"test application","/test_application.html"
"deploy software","/deploy_software.html"
"configure server settings","/configure_server_settings.html"
"monitor server performance","/monitor_server_performance.html"
"troubleshoot server issues","/troubleshoot_server_issues.html"
"create customer profile","/create_customer_profile.html"
"manage customer accounts","/manage_customer_accounts.html"
"process customer orders","/process_customer_orders.html"
"provide customer support","/provide_customer_support.html"
"conduct market analysis","/conduct_market_analysis.html"
"develop marketing strategy","/develop_marketing_strategy.html"
"execute advertising campaign","/execute_advertising_campaign.html"
"analyze sales data","/analyze_sales_data.html"
"optimize supply chain","/optimize_supply_chain.html"
"streamline logistics","/streamline_logistics.html"
"conduct employee training","/conduct_employee_training.html"
"manage human resources","/manage_human_resources.html"
"conduct performance reviews","/conduct_performance_reviews.html"
"create inventory","/create_inventory.html"
"make inventory","/create_inventory.html"
"create inventory for my organization","/create_inventory.html"
"change inventory","/update_inventory.html"
"make organization","/create_organization.html"
"create organization","/create_organization.html"
"edit inventory","/update_inventory.html"
"edit my inventory","/update_inventory.html"
"delete inventory","/delete_inventory.html"
"remove inventory","/delete_inventory.html"
"add item","/manage_inventory.html"
"insert item","/manage_inventory.html"
"append to inventory","/manage_inventory.html"
"view inventory details","/view_inventory.html"
"see inventory information","/view_inventory.html"
"inspect inventory","/view_inventory.html"
"assign roles","/manage_roles.html"
"set role permissions","/manage_roles.html"
"configure roles","/manage_roles.html"
"create database table","/create_table.html"
"define database schema","/create_table.html"
"design database structure","/create_table.html"
"backup data","/backup_data.html"
"create backup","/backup_data.html"
"backup database","/backup_data.html"
"import data records","/import_data.html"
"upload data","/import_data.html"
"import data from file","/import_data.html"
"export data to CSV","/export_data.html"
"download data","/export_data.html"
"export data as spreadsheet","/export_data.html"
"analyze data trends","/analyze_data.html"
"perform data analysis","/analyze_data.html"
"evaluate data patterns","/analyze_data.html"
"generate performance report","/generate_report.html"
"create performance summary","/generate_report.html"
"view performance metrics","/generate_report.html"
"optimize database performance","/optimize_performance.html"
"improve system efficiency","/optimize_performance.html"
"enhance performance","/optimize_performance.html"
"generate user report","/generate_user_report.html"
"create user profile","/create_user_profile.html"
"manage user accounts","/manage_user_accounts.html"
"modify user settings","/modify_user_settings.html"
"create project","/create_project.html"
"start new project","/create_project.html"
"manage project tasks","/manage_project_tasks.html"
"assign project roles","/assign_project_roles.html"
"schedule project activities","/schedule_project_activities.html"
"track project progress","/track_project_progress.html"
"approve expense claims","/approve_expense_claims.html"
"process reimbursement requests","/approve_expense_claims.html"
"handle financial transactions","/approve_expense_claims.html"
"write code","/develop_code.html"
"debug software","/debug_software.html"
"test application","/test_application.html"
"deploy software","/deploy_software.html"
"configure server settings","/configure_server_settings.html"
"monitor server performance","/monitor_server_performance.html"
"troubleshoot server issues","/troubleshoot_server_issues.html"
"create customer profile","/create_customer_profile.html"
"manage customer accounts","/manage_customer_accounts.html"
"process customer orders","/process_customer_orders.html"
"provide customer support","/provide_customer_support.html"
"conduct market analysis","/conduct_market_analysis.html"
"develop marketing strategy","/develop_marketing_strategy.html"
"execute advertising campaign","/execute_advertising_campaign.html"
"analyze sales data","/analyze_sales_data.html"
"optimize supply chain","/optimize_supply_chain.html"
"streamline logistics","/streamline_logistics.html"
"conduct employee training","/conduct_employee_training.html"
"manage human resources","/manage_human_resources.html"
"conduct performance reviews","/conduct_performance_reviews.html"
"create inventory","/create_inventory.html"
"make inventory","/create_inventory.html"
"create inventory for my organization","/create_inventory.html"
"change inventory","/update_inventory.html"
"make organization","/create_organization.html"
"create organization","/create_organization.html"
"edit inventory","/update_inventory.html"
"edit my inventory","/update_inventory.html"
"delete inventory","/delete_inventory.html"
"remove inventory","/delete_inventory.html"
"add item","/manage_inventory.html"
"insert item","/manage_inventory.html"
"append to inventory","/manage_inventory.html"
"view inventory details","/view_inventory.html"
"see inventory information","/view_inventory.html"
"inspect inventory","/view_inventory.html"
"assign roles","/manage_roles.html"
"set role permissions","/manage_roles.html"
"configure roles","/manage_roles.html"
"create database table","/create_table.html"
"define database schema","/create_table.html"
"design database structure","/create_table.html"
"backup data","/backup_data.html"
"create backup","/backup_data.html"
"backup database","/backup_data.html"
"import data records","/import_data.html"
"upload data","/import_data.html"
"import data from file","/import_data.html"
"export data to CSV","/export_data.html"
"download data","/export_data.html"
"export data as spreadsheet","/export_data.html"
"analyze data trends","/analyze_data.html"
"perform data analysis","/analyze_data.html"
"evaluate data patterns","/analyze_data.html"
"generate performance report","/generate_report.html"
"create performance summary","/generate_report.html"
"view performance metrics","/generate_report.html"
"optimize database performance","/optimize_performance.html"
"improve system efficiency","/optimize_performance.html"
"enhance performance","/optimize_performance.html"
"generate user report","/generate_user_report.html"
"create user profile","/create_user_profile.html"
"manage user accounts","/manage_user_accounts.html"
"modify user settings","/modify_user_settings.html"
"create project","/create_project.html"
"start new project","/create_project.html"
"manage project tasks","/manage_project_tasks.html"
"assign project roles","/assign_project_roles.html"
"schedule project activities","/schedule_project_activities.html"
"track project progress","/track_project_progress.html"
"approve expense claims","/approve_expense_claims.html"
"process reimbursement requests","/approve_expense_claims.html"
"handle financial transactions","/approve_expense_claims.html"
"write code","/develop_code.html"
"debug software","/debug_software.html"
"test application","/test_application.html"
"deploy software","/deploy_software.html"
"configure server settings","/configure_server_settings.html"
"monitor server performance","/monitor_server_performance.html"
"troubleshoot server issues","/troubleshoot_server_issues.html"
"create customer profile","/create_customer_profile.html"
"manage customer accounts","/manage_customer_accounts.html"
"process customer orders","/process_customer_orders.html"
"provide customer support","/provide_customer_support.html"
"conduct market analysis","/conduct_market_analysis.html"
"develop marketing strategy","/develop_marketing_strategy.html"
"execute advertising campaign","/execute_advertising_campaign.html"
"analyze sales data","/analyze_sales_data.html"
"optimize supply chain","/optimize_supply_chain.html"
"streamline logistics","/streamline_logistics.html"
"conduct employee training","/conduct_employee_training.html"
"manage human resources","/manage_human_resources.html"
"conduct performance reviews","/conduct_performance_reviews.html"
"create inventory","/create_inventory.html"
"make inventory","/create_inventory.html"
"create inventory for my organization","/create_inventory.html"
"change inventory","/update_inventory.html"
"make organization","/create_organization.html"
"create organization","/create_organization.html"
"edit inventory","/update_inventory.html"
"edit my inventory","/update_inventory.html"
"delete inventory","/delete_inventory.html"
"remove inventory","/delete_inventory.html"
"add item","/manage_inventory.html"
"insert item","/manage_inventory.html"
"append to inventory","/manage_inventory.html"
"view inventory details","/view_inventory.html"
"see inventory information","/view_inventory.html"
"inspect inventory","/view_inventory.html"
"assign roles","/manage_roles.html"
"set role permissions","/manage_roles.html"
"configure roles","/manage_roles.html"
"create database table","/create_table.html"
"define database schema","/create_table.html"
"design database structure","/create_table.html"
"backup data","/backup_data.html"
"create backup","/backup_data.html"
"backup database","/backup_data.html"
"import data records","/import_data.html"
"upload data","/import_data.html"
"import data from file","/import_data.html"
"export data to CSV","/export_data.html"
"download data","/export_data.html"
"export data as spreadsheet","/export_data.html"
"analyze data trends","/analyze_data.html"
"perform data analysis","/analyze_data.html"
"evaluate data patterns","/analyze_data.html"
"generate performance report","/generate_report.html"
"create performance summary","/generate_report.html"
"view performance metrics","/generate_report.html"
"optimize database performance","/optimize_performance.html"
"improve system efficiency","/optimize_performance.html"
"enhance performance","/optimize_performance.html"
"generate user report","/generate_user_report.html"
"create user profile","/create_user_profile.html"
"manage user accounts","/manage_user_accounts.html"
"modify user settings","/modify_user_settings.html"
"create project","/create_project.html"
"start new project","/create_project.html"
"manage project tasks","/manage_project_tasks.html"
"assign project roles","/assign_project_roles.html"
"schedule project activities","/schedule_project_activities.html"
"track project progress","/track_project_progress.html"
"approve expense claims","/approve_expense_claims.html"
"process reimbursement requests","/approve_expense_claims.html"
"handle financial transactions","/approve_expense_claims.html"
"write code","/develop_code.html"
"debug software","/debug_software.html"
"test application","/test_application.html"
"deploy software","/deploy_software.html"
"configure server settings","/configure_server_settings.html"
"monitor server performance","/monitor_server_performance.html"
"troubleshoot server issues","/troubleshoot_server_issues.html"
"create customer profile","/create_customer_profile.html"
"manage customer accounts","/manage_customer_accounts.html"
"process customer orders","/process_customer_orders.html"
"provide customer support","/provide_customer_support.html"
"conduct market analysis","/conduct_market_analysis.html"
"develop marketing strategy","/develop_marketing_strategy.html"
"execute advertising campaign","/execute_advertising_campaign.html"
"analyze sales data","/analyze_sales_data.html"
"optimize supply chain","/optimize_supply_chain.html"
"streamline logistics","/streamline_logistics.html"
"conduct employee training","/conduct_employee_training.html"
"manage human resources","/manage_human_resources.html"
"conduct performance reviews","/conduct_performance_reviews.html"
"create inventory","/create_inventory.html"
"make inventory","/create_inventory.html"
"create inventory for my organization","/create_inventory.html"
"change inventory","/update_inventory.html"
"make organization","/create_organization.html"
"create organization","/create_organization.html"
"edit inventory","/update_inventory.html"
"edit my inventory","/update_inventory.html"
"delete inventory","/delete_inventory.html"
"remove inventory","/delete_inventory.html"
"add item","/manage_inventory.html"
"insert item","/manage_inventory.html"
"append to inventory","/manage_inventory.html"
"view inventory details","/view_inventory.html"
"see inventory information","/view_inventory.html"
"inspect inventory","/view_inventory.html"
"assign roles","/manage_roles.html"
"set role permissions","/manage_roles.html"
"configure roles","/manage_roles.html"
"create database table","/create_table.html"
"define database schema","/create_table.html"
"design database structure","/create_table.html"
"backup data","/backup_data.html"
"create backup","/backup_data.html"
"backup database","/backup_data.html"
"import data records","/import_data.html"
"upload data","/import_data.html"
"import data from file","/import_data.html"
"export data to CSV","/export_data.html"
"download data","/export_data.html"
"export data as spreadsheet","/export_data.html"
"analyze data trends","/analyze_data.html"
"perform data analysis","/analyze_data.html"
"evaluate data patterns","/analyze_data.html"
"generate performance report","/generate_report.html"
"create performance summary","/generate_report.html"
"view performance metrics","/generate_report.html"
"optimize database performance","/optimize_performance.html"
"improve system efficiency","/optimize_performance.html"
"enhance performance","/optimize_performance.html"
"generate user report","/generate_user_report.html"
"create user profile","/create_user_profile.html"
"manage user accounts","/manage_user_accounts.html"
"modify user settings","/modify_user_settings.html"
"create project","/create_project.html"
"start new project","/create_project.html"
"manage project tasks","/manage_project_tasks.html"
"assign project roles","/assign_project_roles.html"
"schedule project activities","/schedule_project_activities.html"
"track project progress","/track_project_progress.html"
"approve expense claims","/approve_expense_claims.html"
"process reimbursement requests","/approve_expense_claims.html"
"handle financial transactions","/approve_expense_claims.html"
"write code","/develop_code.html"
"debug software","/debug_software.html"
"test application","/test_application.html"
"deploy software","/deploy_software.html"
"configure server settings","/configure_server_settings.html"
"monitor server performance","/monitor_server_performance.html"
"troubleshoot server issues","/troubleshoot_server_issues.html"
"create customer profile","/create_customer_profile.html"
"manage customer accounts","/manage_customer_accounts.html"
"process customer orders","/process_customer_orders.html"
"provide customer support","/provide_customer_support.html"
"conduct market analysis","/conduct_market_analysis.html"
"develop marketing strategy","/develop_marketing_strategy.html"
"execute advertising campaign","/execute_advertising_campaign.html"
"analyze sales data","/analyze_sales_data.html"
"optimize supply chain","/optimize_supply_chain.html"
"streamline logistics","/streamline_logistics.html"
"conduct employee training","/conduct_employee_training.html"
"manage human resources","/manage_human_resources.html"
"conduct performance reviews","/conduct_performance_reviews.html"
"create inventory","/create_inventory.html"
"make inventory","/create_inventory.html"
"create inventory for my organization","/create_inventory.html"
"change inventory","/update_inventory.html"
"make organization","/create_organization.html"
"create organization","/create_organization.html"
"edit inventory","/update_inventory.html"
"edit my inventory","/update_inventory.html"
"delete inventory","/delete_inventory.html"
"remove inventory","/delete_inventory.html"
"add item","/manage_inventory.html"
"insert item","/manage_inventory.html"
"append to inventory","/manage_inventory.html"
"view inventory details","/view_inventory.html"
"see inventory information","/view_inventory.html"
"inspect inventory","/view_inventory.html"
"assign roles","/manage_roles.html"
"set role permissions","/manage_roles.html"
"configure roles","/manage_roles.html"
"create database table","/create_table.html"
"define database schema","/create_table.html"
"design database structure","/create_table.html"
"backup data","/backup_data.html"
"create backup","/backup_data.html"
"backup database","/backup_data.html"
"import data records","/import_data.html"
"upload data","/import_data.html"
"import data from file","/import_data.html"
"export data to CSV","/export_data.html"
"download data","/export_data.html"
"export data as spreadsheet","/export_data.html"
"analyze data trends","/analyze_data.html"
"perform data analysis","/analyze_data.html"
"evaluate data patterns","/analyze_data.html"
"generate performance report","/generate_report.html"
"create performance summary","/generate_report.html"
"view performance metrics","/generate_report.html"
"optimize database performance","/optimize_performance.html"
"improve system efficiency","/optimize_performance.html"
"enhance performance","/optimize_performance.html"
"generate user report","/generate_user_report.html"
"create user profile","/create_user_profile.html"
"manage user accounts","/manage_user_accounts.html"
"modify user settings","/modify_user_settings.html"
"create project","/create_project.html"
"start new project","/create_project.html"
"manage project tasks","/manage_project_tasks.html"
"assign project roles","/assign_project_roles.html"
"schedule project activities","/schedule_project_activities.html"
"track project progress","/track_project_progress.html"
"approve expense claims","/approve_expense_claims.html"
"process reimbursement requests","/approve_expense_claims.html"
"handle financial transactions","/approve_expense_claims.html"
"write code","/develop_code.html"
"debug software","/debug_software.html"
"test application","/test_application.html"
"deploy software","/deploy_software.html"
"configure server settings","/configure_server_settings.html"
"monitor server performance","/monitor_server_performance.html"
"troubleshoot server issues","/troubleshoot_server_issues.html"
"create customer profile","/create_customer_profile.html"
"manage customer accounts","/manage_customer_accounts.html"
"process customer orders","/process_customer_orders.html"
"provide customer support","/provide_customer_support.html"
"conduct market analysis","/conduct_market_analysis.html"
"develop marketing strategy","/develop_marketing_strategy.html"
"execute advertising campaign","/execute_advertising_campaign.html"
"analyze sales data","/analyze_sales_data.html"
"optimize supply chain","/optimize_supply_chain.html"
"streamline logistics","/streamline_logistics.html"
"conduct employee training","/conduct_employee_training.html"
"manage human resources","/manage_human_resources.html"
"conduct performance reviews","/conduct_performance_reviews.html"
"create inventory","/create_inventory.html"
"make inventory","/create_inventory.html"
"create inventory for my organization","/create_inventory.html"
"change inventory","/update_inventory.html"
"make organization","/create_organization.html"
"create organization","/create_organization.html"
"edit inventory","/update_inventory.html"
"edit my inventory","/update_inventory.html"
"delete inventory","/delete_inventory.html"
"remove inventory","/delete_inventory.html"
"add item","/manage_inventory.html"
"insert item","/manage_inventory.html"
"append to inventory","/manage_inventory.html"
"view inventory details","/view_inventory.html"
"see inventory information","/view_inventory.html"
"inspect inventory","/view_inventory.html"
"assign roles","/manage_roles.html"
"set role permissions","/manage_roles.html"
"configure roles","/manage_roles.html"
"create database table","/create_table.html"
"define database schema","/create_table.html"
"design database structure","/create_table.html"
"backup data","/backup_data.html"
"create backup","/backup_data.html"
"backup database","/backup_data.html"
"import data records","/import_data.html"
"upload data","/import_data.html"
"import data from file","/import_data.html"
"export data to CSV","/export_data.html"
"download data","/export_data.html"
"export data as spreadsheet","/export_data.html"
"analyze data trends","/analyze_data.html"
"perform data analysis","/analyze_data.html"
"evaluate data patterns","/analyze_data.html"
"generate performance report","/generate_report.html"
"create performance summary","/generate_report.html"
"view performance metrics","/generate_report.html"
"optimize database performance","/optimize_performance.html"
"improve system efficiency","/optimize_performance.html"
"enhance performance","/optimize_performance.html"
"generate user report","/generate_user_report.html"
"create user profile","/create_user_profile.html"
"manage user accounts","/manage_user_accounts.html"
"modify user settings","/modify_user_settings.html"
"create project","/create_project.html"
"start new project","/create_project.html"
"manage project tasks","/manage_project_tasks.html"
"assign project roles","/assign_project_roles.html"
"schedule project activities","/schedule_project_activities.html"
"track project progress","/track_project_progress.html"
"approve expense claims","/approve_expense_claims.html"
"process reimbursement requests","/approve_expense_claims.html"
"handle financial transactions","/approve_expense_claims.html"
"write code","/develop_code.html"
"debug software","/debug_software.html"
"test application","/test_application.html"
"deploy software","/deploy_software.html"
"configure server settings","/configure_server_settings.html"
"monitor server performance","/monitor_server_performance.html"
"troubleshoot server issues","/troubleshoot_server_issues.html"
"create customer profile","/create_customer_profile.html"
"manage customer accounts","/manage_customer_accounts.html"
"process customer orders","/process_customer_orders.html"
"provide customer support","/provide_customer_support.html"
"conduct market analysis","/conduct_market_analysis.html"
"develop marketing strategy","/develop_marketing_strategy.html"
"execute advertising campaign","/execute_advertising_campaign.html"
"analyze sales data","/analyze_sales_data.html"
"optimize supply chain","/optimize_supply_chain.html"
"streamline logistics","/streamline_logistics.html"
"conduct employee training","/conduct_employee_training.html"
"manage human resources","/manage_human_resources.html"
"conduct performance reviews","/conduct_performance_reviews.html"
"create inventory","/create_inventory.html"
"make inventory","/create_inventory.html"
"create inventory for my organization","/create_inventory.html"
"change inventory","/update_inventory.html"
"make organization","/create_organization.html"
"create organization","/create_organization.html"
"edit inventory","/update_inventory.html"
"edit my inventory","/update_inventory.html"
"delete inventory","/delete_inventory.html"
"remove inventory","/delete_inventory.html"
"add item","/manage_inventory.html"
"insert item","/manage_inventory.html"
"append to inventory","/manage_inventory.html"
"view inventory details","/view_inventory.html"
"see inventory information","/view_inventory.html"
"inspect inventory","/view_inventory.html"
"assign roles","/manage_roles.html"
"set role permissions","/manage_roles.html"
"configure roles","/manage_roles.html"
"create database table","/create_table.html"
"define database schema","/create_table.html"
"design database structure","/create_table.html"
"backup data","/backup_data.html"
"create backup","/backup_data.html"
"backup database","/backup_data.html"
"import data records","/import_data.html"
"upload data","/import_data.html"
"import data from file","/import_data.html"
"export data to CSV","/export_data.html"
"download data","/export_data.html"
"export data as spreadsheet","/export_data.html"
"analyze data trends","/analyze_data.html"
"perform data analysis","/analyze_data.html"
"evaluate data patterns","/analyze_data.html"
"generate performance report","/generate_report.html"
"create performance summary","/generate_report.html"
"view performance metrics","/generate_report.html"
"optimize database performance","/optimize_performance.html"
"improve system efficiency","/optimize_performance.html"
"enhance performance","/optimize_performance.html"
"generate user report","/generate_user_report.html"
"create user profile","/create_user_profile.html"
"manage user accounts","/manage_user_accounts.html"
"modify user settings","/modify_user_settings.html"
"create project","/create_project.html"
"start new project","/create_project.html"
"manage project tasks","/manage_project_tasks.html"
"assign project roles","/assign_project_roles.html"
"schedule project activities","/schedule_project_activities.html"
"track project progress","/track_project_progress.html"
"approve expense claims","/approve_expense_claims.html"
"process reimbursement requests","/approve_expense_claims.html"
"handle financial transactions","/approve_expense_claims.html"
"write code","/develop_code.html"
"debug software","/debug_software.html"
"test application","/test_application.html"
"deploy software","/deploy_software.html"
"configure server settings","/configure_server_settings.html"
"monitor server performance","/monitor_server_performance.html"
"troubleshoot server issues","/troubleshoot_server_issues.html"
"create customer profile","/create_customer_profile.html"
"manage customer accounts","/manage_customer_accounts.html"
"process customer orders","/process_customer_orders.html"
"provide customer support","/provide_customer_support.html"
"conduct market analysis","/conduct_market_analysis.html"
"develop marketing strategy","/develop_marketing_strategy.html"
"execute advertising campaign","/execute_advertising_campaign.html"
"analyze sales data","/analyze_sales_data.html"
"optimize supply chain","/optimize_supply_chain.html"
"streamline logistics","/streamline_logistics.html"
"conduct employee training","/conduct_employee_training.html"
"manage human resources","/manage_human_resources.html"
"conduct performance reviews","/conduct_performance_reviews.html"
